date,roll_no,period,subject_code,status
2026-10-09,21CSB001,1,CS304,PRESENT
2026-10-09,21CSB007,1,CS304,PRESENT
2026-10-09,21CSB014,1,CS304,PRESENT
2026-10-09,21CSB018,1,CS304,PRESENT
2026-10-09,21CSB022,1,CS304,PRESENT
2026-10-09,21CSB029,1,CS304,PRESENT
2026-10-09,21CSB033,1,CS304,PRESENT
2026-10-09,21CSB041,1,CS304,PRESENT
2026-10-09,21CSB044,1,CS304,PRESENT
2026-10-09,21CSB050,1,CS304,PRESENT
2026-10-09,21CSB052,1,CS304,PRESENT
2026-10-09,21CSB058,1,CS304,PRESENT
2026-10-09,21CSB001,5,PHY101,PRESENT
2026-10-09,21CSB007,5,PHY101,PRESENT
2026-10-09,21CSB014,5,PHY101,ABSENT
2026-10-09,21CSB018,5,PHY101,PRESENT
2026-10-09,21CSB022,5,PHY101,ABSENT
2026-10-09,21CSB029,5,PHY101,PRESENT
2026-10-09,21CSB033,5,PHY101,PRESENT
2026-10-09,21CSB041,5,PHY101,PRESENT
2026-10-09,21CSB044,5,PHY101,PRESENT
2026-10-09,21CSB050,5,PHY101,PRESENT
2026-10-09,21CSB052,5,PHY101,PRESENT
2026-10-09,21CSB058,5,PHY101,PRESENT
2026-10-05,21CSB001,1,CS301,PRESENT
2026-10-05,21CSB007,1,CS301,PRESENT
2026-10-05,21CSB014,1,CS301,PRESENT
2026-10-05,21CSB018,1,CS301,PRESENT
2026-10-05,21CSB022,1,CS301,PRESENT
2026-10-05,21CSB029,1,CS301,PRESENT
2026-10-05,21CSB033,1,CS301,PRESENT
2026-10-05,21CSB041,1,CS301,PRESENT
2026-10-05,21CSB044,1,CS301,PRESENT
2026-10-05,21CSB050,1,CS301,PRESENT
2026-10-05,21CSB052,1,CS301,PRESENT
2026-10-05,21CSB058,1,CS301,PRESENT
2026-10-06,21CSB001,3,CS305L,PRESENT
2026-10-06,21CSB007,3,CS305L,ABSENT
2026-10-06,21CSB014,3,CS305L,PRESENT
2026-10-06,21CSB018,3,CS305L,PRESENT
2026-10-06,21CSB022,3,CS305L,ABSENT
2026-10-06,21CSB029,3,CS305L,PRESENT
2026-10-06,21CSB033,3,CS305L,PRESENT
2026-10-06,21CSB041,3,CS305L,PRESENT
2026-10-06,21CSB044,3,CS305L,PRESENT
2026-10-06,21CSB050,3,CS305L,PRESENT
2026-10-06,21CSB052,3,CS305L,PRESENT
2026-10-06,21CSB058,3,CS305L,PRESENT
2026-10-16,21CSB001,1,CS304,PRESENT
2026-10-16,21CSB007,1,CS304,PRESENT
2026-10-16,21CSB014,1,CS304,PRESENT
2026-10-16,21CSB018,1,CS304,PRESENT
2026-10-16,21CSB022,1,CS304,PRESENT
2026-10-16,21CSB029,1,CS304,PRESENT
2026-10-16,21CSB033,1,CS304,PRESENT
2026-10-16,21CSB041,1,CS304,PRESENT
2026-10-16,21CSB044,1,CS304,PRESENT
2026-10-16,21CSB050,1,CS304,PRESENT
2026-10-16,21CSB052,1,CS304,PRESENT
2026-10-16,21CSB058,1,CS304,PRESENT
2026-10-16,21CSB001,5,PHY101,PRESENT
2026-10-16,21CSB007,5,PHY101,ABSENT
2026-10-16,21CSB014,5,PHY101,ABSENT
2026-10-16,21CSB018,5,PHY101,PRESENT
2026-10-16,21CSB022,5,PHY101,ABSENT
2026-10-16,21CSB029,5,PHY101,ABSENT
2026-10-16,21CSB033,5,PHY101,PRESENT
2026-10-16,21CSB041,5,PHY101,ABSENT
2026-10-16,21CSB044,5,PHY101,PRESENT
2026-10-16,21CSB050,5,PHY101,PRESENT
2026-10-16,21CSB052,5,PHY101,ABSENT
2026-10-16,21CSB058,5,PHY101,PRESENT
2026-10-13,21CSB001,3,CS305L,PRESENT
2026-10-13,21CSB007,3,CS305L,ABSENT
2026-10-13,21CSB014,3,CS305L,ABSENT
2026-10-13,21CSB018,3,CS305L,PRESENT
2026-10-13,21CSB022,3,CS305L,ABSENT
2026-10-13,21CSB029,3,CS305L,PRESENT
2026-10-13,21CSB033,3,CS305L,PRESENT
2026-10-13,21CSB041,3,CS305L,PRESENT
2026-10-13,21CSB044,3,CS305L,PRESENT
2026-10-13,21CSB050,3,CS305L,PRESENT
2026-10-13,21CSB052,3,CS305L,PRESENT
2026-10-13,21CSB058,3,CS305L,PRESENT
2026-10-23,21CSB001,5,PHY101,PRESENT
2026-10-23,21CSB007,5,PHY101,ABSENT
2026-10-23,21CSB014,5,PHY101,ABSENT
2026-10-23,21CSB018,5,PHY101,PRESENT
2026-10-23,21CSB022,5,PHY101,ABSENT
2026-10-23,21CSB029,5,PHY101,ABSENT
2026-10-23,21CSB033,5,PHY101,PRESENT
2026-10-23,21CSB041,5,PHY101,ABSENT
2026-10-23,21CSB044,5,PHY101,PRESENT
2026-10-23,21CSB050,5,PHY101,PRESENT
2026-10-23,21CSB052,5,PHY101,ABSENT
2026-10-23,21CSB058,5,PHY101,PRESENT
2026-10-30,21CSB001,5,PHY101,PRESENT
2026-10-30,21CSB007,5,PHY101,ABSENT
2026-10-30,21CSB014,5,PHY101,ABSENT
2026-10-30,21CSB018,5,PHY101,PRESENT
2026-10-30,21CSB022,5,PHY101,ABSENT
2026-10-30,21CSB029,5,PHY101,ABSENT
2026-10-30,21CSB033,5,PHY101,PRESENT
2026-10-30,21CSB041,5,PHY101,ABSENT
2026-10-30,21CSB044,5,PHY101,PRESENT
2026-10-30,21CSB050,5,PHY101,PRESENT
2026-10-30,21CSB052,5,PHY101,ABSENT
2026-10-30,21CSB058,5,PHY101,PRESENT
