roll_no,name,section_code,branch,year,dob,gender
21CSB001,Aarav Patel,CS-3B,AIML,2,2004-03-15,M
21CSB007,Varun Mehta,CS-3B,AIML,2,2004-06-20,M
21CSB014,Rohit Sharma,CS-3B,AIML,2,2004-08-11,M
21CSB018,Nikhil Verma,CS-3B,AIML,2,2003-11-28,M
21CSB022,Amit Kumar,CS-3B,AIML,2,2004-01-19,M
21CSB029,Manish Joshi,CS-3B,AIML,2,2004-09-04,M
21CSB033,Priya Desai,CS-3B,AIML,2,2004-05-22,F
21CSB041,Simran Patel,CS-3B,AIML,2,2004-07-30,F
21CSB044,Tarun Mishra,CS-3B,AIML,2,2004-02-14,M
21CSB050,Ananya Roy,CS-3B,AIML,2,2004-10-09,F
21CSB052,Devendra Soni,CS-3B,AIML,2,2004-12-01,M
21CSB058,Kavita Sen,CS-3B,AIML,2,2004-04-18,F
